{
  "rules": {
    "align": [
      true,
      "parameters",
      "arguments",
      "statements"
    ],
    "ban": false,
    "class-name": true,
    "comment-format": [
      true,
      "check-space"
    ],
    "curly": true,
    "eofline": false,
    "forin": true,
    "indent": [
      true,
      "tabs"
    ],
    "interface-name": true,
    "jsdoc-format": true,
    "label-position": true,
    "label-undefined": true,
    "max-line-length": [
      true,
      140
    ],
    "member-access": false,
    "member-ordering": [
      true,
      "private-before-public",
      "static-before-instance",
      "variables-before-functions"
    ],
    "no-any": false,
    "no-arg": true,
    "no-bitwise": false,
    "no-conditional-assignment": true,
    "no-console": [
      true,
      "debug",
      "info",
      "time",
      "timeEnd",
      "trace"
    ],
    "no-construct": true,
    "no-constructor-vars": false,
    "no-debugger": true,
    "no-duplicate-key": true,
    "no-shadowed-variable": true,
    "no-duplicate-variable": true,
    "no-empty": true,
    "no-eval": true,
    "no-internal-module": true,
    "no-require-imports": true,
    "no-string-literal": true,
    "no-switch-case-fall-through": true,
    "trailing-comma": true,
    "no-trailing-whitespace": true,
    "no-unreachable": true,
    "no-unused-expression": true,
    "no-unused-variable": true,
    "no-use-before-declare": true,
    "no-var-keyword": true,
    "no-var-requires": true,
    "one-line": [
      true,
      "check-open-brace",
      "check-catch",
      "check-else",
      "check-whitespace"
    ],
    "quotemark": [
      true,
      "single"
    ],
    "radix": true,
    "semicolon": true,
    "switch-default": true,
    "triple-equals": [
      true,
      "allow-null-check"
    ],
    "typedef": [
      false,
      "call-signature",
      "parameter",
      "property-declaration",
      "variable-declaration",
      "member-variable-declaration"
    ],
    "typedef-whitespace": [
      true,
      {
        "call-signature": "nospace",
        "index-signature": "nospace",
        "parameter": "nospace",
        "property-declaration": "nospace",
        "variable-declaration": "nospace"
      }
    ],
    "use-strict": [
      true,
      "check-module",
      "check-function"
    ],
    "variable-name": false,
    "whitespace": [
      true,
      "check-branch",
      "check-decl",
      "check-operator",
      "check-separator",
      "check-type"
    ]
  }
}
